project;merge commit;class;method;left modifications;left deletions;right modifications;right deletions
realm-java;86c8fa5e63ac2166f2805495a605b4873daa40af;io.realm.internal.ObjectServerFacade;static block;[40];[];[40];[]
realm-java;86c8fa5e63ac2166f2805495a605b4873daa40af;io.realm.processor.Constants;static block;[43, 44, 45, 46, 47, 48, 49, 50, 51, 52, 53, 54, 55, 56, 57, 58, 59, 60, 67, 68, 69, 70, 71, 72, 73, 74, 75, 76, 77, 78, 79, 80, 81, 82, 83, 84, 90, 91, 92, 93, 94, 95, 96, 97, 98, 99, 100, 101, 102, 103, 104, 105, 106, 107];[];[43, 44, 45, 46, 47, 48, 49, 50, 51, 52, 53, 54, 55, 56, 57, 58, 59, 60, 67, 68, 69, 70, 71, 72, 73, 74, 75, 76, 77, 78, 79, 80, 81, 82, 83, 84, 90, 91, 92, 93, 94, 95, 96, 97, 98, 99, 100, 101, 102, 103, 104, 105, 106, 107];[]
realm-java;38c90e5e885158e1b4cbae570b0a65f894b91f1e;io.realm.internal.ObjectServerFacade;static block;[48, 49, 40, 45, 46, 47];[];[38];[]
realm-java;8f735c63da0a65c6f331c8134d5a2f1bf5a3ddac;io.realm.RealmObjectSchema;static block;[64, 40, 41, 43, 62, 63];[[58, 64], [57, 64], [56, 64], [55, 64], [54, 64], [53, 64], [52, 64], [51, 64], [50, 64], [49, 64], [48, 64], [47, 64], [46, 64], [45, 64]];[64, 40, 41, 43, 62, 63];[[58, 64], [57, 64], [56, 64], [55, 64], [54, 64], [53, 64], [52, 64], [51, 64], [50, 64], [49, 64], [48, 64], [47, 64], [46, 64], [45, 64]]
realm-java;a42ae3a926faa7fd5486e5aab9e17813b5699706;io.realm.RealmObjectSchema;static block;[64, 40, 41, 43, 62, 63];[[58, 64], [57, 64], [56, 64], [55, 64], [54, 64], [53, 64], [52, 64], [51, 64], [50, 64], [49, 64], [48, 64], [47, 64], [46, 64], [45, 64]];[64, 40, 41, 43, 62, 63];[[58, 64], [57, 64], [56, 64], [55, 64], [54, 64], [53, 64], [52, 64], [51, 64], [50, 64], [49, 64], [48, 64], [47, 64], [46, 64], [45, 64]]
realm-java;1923c11018c5bdec5756f32f9a092dca20c95bb3;io.realm.RealmObjectSchema;static block;[49, 51, 53, 73, 74, 75];[];[49, 51, 53, 73, 74, 75];[]
realm-java;8a7a42e6b8646f17aa9534232b028c09e23465c8;io.realm.RealmObjectSchema;static block;[48, 50, 52, 72, 73, 74];[];[48, 50, 52, 72, 73, 74];[]
realm-java;de1e8b9611845e161cfe989351fb48012c750e3b;io.realm.RealmObjectSchema;static block;[49, 51, 53, 73, 74, 75];[];[49, 51, 53, 73, 74, 75];[]
realm-java;02b89a14d99404b1cb7417901a4340b6aa4a69c1;io.realm.RealmObjectSchema;static block;[49, 51, 53, 73, 74, 75];[];[49, 51, 53, 73, 74, 75];[]
realm-java;f1e87bc607ec4a0598c786966e0c1a5c36af1914;io.realm.RealmObjectSchema;static block;[49, 51, 53, 73, 74, 75];[];[49, 51, 53, 73, 74, 75];[]
realm-java;86c8fa5e63ac2166f2805495a605b4873daa40af;io.realm.internal.ObjectServerFacade;static block;[40];[];[40];[]
realm-java;86c8fa5e63ac2166f2805495a605b4873daa40af;io.realm.processor.Constants;static block;[43, 44, 45, 46, 47, 48, 49, 50, 51, 52, 53, 54, 55, 56, 57, 58, 59, 60, 67, 68, 69, 70, 71, 72, 73, 74, 75, 76, 77, 78, 79, 80, 81, 82, 83, 84, 90, 91, 92, 93, 94, 95, 96, 97, 98, 99, 100, 101, 102, 103, 104, 105, 106, 107];[];[43, 44, 45, 46, 47, 48, 49, 50, 51, 52, 53, 54, 55, 56, 57, 58, 59, 60, 67, 68, 69, 70, 71, 72, 73, 74, 75, 76, 77, 78, 79, 80, 81, 82, 83, 84, 90, 91, 92, 93, 94, 95, 96, 97, 98, 99, 100, 101, 102, 103, 104, 105, 106, 107];[]
realm-java;38c90e5e885158e1b4cbae570b0a65f894b91f1e;io.realm.internal.ObjectServerFacade;static block;[48, 49, 40, 45, 46, 47];[];[38];[]
realm-java;8f735c63da0a65c6f331c8134d5a2f1bf5a3ddac;io.realm.RealmObjectSchema;static block;[64, 40, 41, 43, 62, 63];[[58, 64], [57, 64], [56, 64], [55, 64], [54, 64], [53, 64], [52, 64], [51, 64], [50, 64], [49, 64], [48, 64], [47, 64], [46, 64], [45, 64]];[64, 40, 41, 43, 62, 63];[[58, 64], [57, 64], [56, 64], [55, 64], [54, 64], [53, 64], [52, 64], [51, 64], [50, 64], [49, 64], [48, 64], [47, 64], [46, 64], [45, 64]]
realm-java;a42ae3a926faa7fd5486e5aab9e17813b5699706;io.realm.RealmObjectSchema;static block;[64, 40, 41, 43, 62, 63];[[58, 64], [57, 64], [56, 64], [55, 64], [54, 64], [53, 64], [52, 64], [51, 64], [50, 64], [49, 64], [48, 64], [47, 64], [46, 64], [45, 64]];[64, 40, 41, 43, 62, 63];[[58, 64], [57, 64], [56, 64], [55, 64], [54, 64], [53, 64], [52, 64], [51, 64], [50, 64], [49, 64], [48, 64], [47, 64], [46, 64], [45, 64]]
realm-java;4470f18dd3cd4f5bd8ee85c58327c63030ce0bec;io.realm.RealmObjectSchema;static block;[64, 40, 41, 43, 62, 63];[[58, 64], [57, 64], [56, 64], [55, 64], [54, 64], [53, 64], [52, 64], [51, 64], [50, 64], [49, 64], [48, 64], [47, 64], [46, 64], [45, 64]];[64, 40, 41, 43, 62, 63];[[58, 64], [57, 64], [56, 64], [55, 64], [54, 64], [53, 64], [52, 64], [51, 64], [50, 64], [49, 64], [48, 64], [47, 64], [46, 64], [45, 64]]
realm-java;f034db6a3357b79d1eec6806e47ce52931dbf33e;io.realm.RealmObjectSchema;static block;[65, 66, 67, 43, 44, 46];[[58, 67], [57, 67], [56, 67], [55, 67], [54, 67], [53, 67], [52, 67], [51, 67], [50, 67], [49, 67], [48, 67], [47, 67], [46, 67], [45, 67]];[65, 66, 67, 43, 44, 46];[[58, 67], [57, 67], [56, 67], [55, 67], [54, 67], [53, 67], [52, 67], [51, 67], [50, 67], [49, 67], [48, 67], [47, 67], [46, 67], [45, 67]]
realm-java;c6d3734ed26b83e4bff407dc19f0e621c8a5a285;io.realm.RealmObjectSchema;static block;[64, 65, 66, 42, 43, 45];[[59, 66], [58, 66], [57, 66], [56, 66], [55, 66], [54, 66], [53, 66], [52, 66], [51, 66], [50, 66], [49, 66], [48, 66], [47, 66], [46, 66]];[64, 65, 66, 42, 43, 45];[[59, 66], [58, 66], [57, 66], [56, 66], [55, 66], [54, 66], [53, 66], [52, 66], [51, 66], [50, 66], [49, 66], [48, 66], [47, 66], [46, 66]]
realm-java;be38d6b93b0ed753b5238b514d7a46aebe2d9a41;io.realm.RealmObjectSchema;static block;[64, 65, 66, 42, 43, 45];[[59, 66], [58, 66], [57, 66], [56, 66], [55, 66], [54, 66], [53, 66], [52, 66], [51, 66], [50, 66], [49, 66], [48, 66], [47, 66], [46, 66]];[64, 65, 66, 42, 43, 45];[[59, 66], [58, 66], [57, 66], [56, 66], [55, 66], [54, 66], [53, 66], [52, 66], [51, 66], [50, 66], [49, 66], [48, 66], [47, 66], [46, 66]]
realm-java;40e422cbf0628ab04cd68508abd7f793c464b0cf;io.realm.processor.RealmProxyClassGenerator;static block;[0, 52, 53, 54, 55, 56, 57, 58, 59, 60, 61, 62, 63, 64, 65, 66, 67, 68, 69, 76, 77, 78, 79, 84, 85, 86, 87, 88, 89, 90, 91, 92, 93, 94, 95, 96, 97, 98, 99, 100, 101, 106, 107, 108, 109, 110, 111, 112, 113, 114, 115, 116, 117, 118, 119, 120, 121, 122, 123];[[59, 120], [58, 119]];[0, 52, 53, 54, 55, 56, 57, 58, 59, 60, 61, 62, 63, 64, 65, 66, 67, 68, 69, 76, 77, 78, 79, 84, 85, 86, 87, 88, 89, 90, 91, 92, 93, 94, 95, 96, 97, 98, 99, 100, 101, 106, 107, 108, 109, 110, 111, 112, 113, 114, 115, 116, 117, 118, 119, 120, 121, 122, 123];[[59, 120], [58, 119]]
realm-java;8c842ff501647d630b4e45645008001bf937b5a7;io.realm.processor.RealmProxyClassGenerator;static block;[0, 52, 53, 54, 55, 56, 57, 58, 59, 60, 61, 62, 63, 64, 65, 66, 67, 68, 69, 76, 77, 78, 79, 84, 85, 86, 87, 88, 89, 90, 91, 92, 93, 94, 95, 96, 97, 98, 99, 100, 101, 106, 107, 108, 109, 110, 111, 112, 113, 114, 115, 116, 117, 118, 119, 120, 121, 122, 123];[[59, 120], [58, 119]];[0, 52, 53, 54, 55, 56, 57, 58, 59, 60, 61, 62, 63, 64, 65, 66, 67, 68, 69, 76, 77, 78, 79, 84, 85, 86, 87, 88, 89, 90, 91, 92, 93, 94, 95, 96, 97, 98, 99, 100, 101, 106, 107, 108, 109, 110, 111, 112, 113, 114, 115, 116, 117, 118, 119, 120, 121, 122, 123];[[59, 120], [58, 119]]
realm-java;4801a35d4a578e3495d4a2185cc5cffcde15ce08;io.realm.processor.RealmProxyClassGenerator;static block;[0, 52, 53, 54, 55, 56, 57, 58, 59, 60, 61, 62, 63, 64, 65, 66, 67, 68, 69, 76, 77, 78, 79, 84, 85, 86, 87, 88, 89, 90, 91, 92, 93, 94, 95, 96, 97, 98, 99, 100, 101, 106, 107, 108, 109, 110, 111, 112, 113, 114, 115, 116, 117, 118, 119, 120, 121, 122, 123];[[58, 119], [59, 120]];[0, 52, 53, 54, 55, 56, 57, 58, 59, 60, 61, 62, 63, 64, 65, 66, 67, 68, 69, 76, 77, 78, 79, 84, 85, 86, 87, 88, 89, 90, 91, 92, 93, 94, 95, 96, 97, 98, 99, 100, 101, 106, 107, 108, 109, 110, 111, 112, 113, 114, 115, 116, 117, 118, 119, 120, 121, 122, 123];[[58, 119], [59, 120]]
realm-java;53cc9e9410526c041d4c71a0b2bd9aba492340d2;io.realm.processor.RealmProxyClassGenerator;static block;[0, 52, 53, 54, 55, 56, 57, 58, 59, 60, 61, 62, 63, 64, 65, 66, 67, 68, 69, 76, 77, 78, 79, 84, 85, 86, 87, 88, 89, 90, 91, 92, 93, 94, 95, 96, 97, 98, 99, 100, 101, 106, 107, 108, 109, 110, 111, 112, 113, 114, 115, 116, 117, 118, 119, 120, 121, 122, 123];[[59, 120], [58, 119]];[0, 52, 53, 54, 55, 56, 57, 58, 59, 60, 61, 62, 63, 64, 65, 66, 67, 68, 69, 76, 77, 78, 79, 84, 85, 86, 87, 88, 89, 90, 91, 92, 93, 94, 95, 96, 97, 98, 99, 100, 101, 106, 107, 108, 109, 110, 111, 112, 113, 114, 115, 116, 117, 118, 119, 120, 121, 122, 123];[[59, 120], [58, 119]]
realm-java;60a020ba1cfe43adeb2ebc44eb7ff050430fabcc;io.realm.processor.RealmProxyClassGenerator;static block;[0, 52, 53, 54, 55, 56, 57, 58, 59, 60, 61, 62, 63, 64, 65, 66, 67, 68, 69, 76, 77, 78, 79, 84, 85, 86, 87, 88, 89, 90, 91, 92, 93, 94, 95, 96, 97, 98, 99, 100, 101, 106, 107, 108, 109, 110, 111, 112, 113, 114, 115, 116, 117, 118, 119, 120, 121, 122, 123];[[58, 119], [59, 120]];[0, 52, 53, 54, 55, 56, 57, 58, 59, 60, 61, 62, 63, 64, 65, 66, 67, 68, 69, 76, 77, 78, 79, 84, 85, 86, 87, 88, 89, 90, 91, 92, 93, 94, 95, 96, 97, 98, 99, 100, 101, 106, 107, 108, 109, 110, 111, 112, 113, 114, 115, 116, 117, 118, 119, 120, 121, 122, 123];[[58, 119], [59, 120]]
realm-java;e028759d0cc4925871060751a8353a7831c1c4df;io.realm.processor.RealmProxyClassGenerator;static block;[0, 52, 53, 54, 55, 56, 57, 58, 59, 60, 61, 62, 63, 64, 65, 66, 67, 68, 69, 76, 77, 78, 79, 84, 85, 86, 87, 88, 89, 90, 91, 92, 93, 94, 95, 96, 97, 98, 99, 100, 101, 106, 107, 108, 109, 110, 111, 112, 113, 114, 115, 116, 117, 118, 119, 120, 121, 122, 123];[[58, 119], [59, 120]];[0, 52, 53, 54, 55, 56, 57, 58, 59, 60, 61, 62, 63, 64, 65, 66, 67, 68, 69, 76, 77, 78, 79, 84, 85, 86, 87, 88, 89, 90, 91, 92, 93, 94, 95, 96, 97, 98, 99, 100, 101, 106, 107, 108, 109, 110, 111, 112, 113, 114, 115, 116, 117, 118, 119, 120, 121, 122, 123];[[58, 119], [59, 120]]
realm-java;30ba29f39a4d3b598139e20e799859e92b5a373a;io.realm.processor.RealmProxyClassGenerator;static block;[0, 52, 53, 54, 55, 56, 57, 58, 59, 60, 61, 62, 63, 64, 65, 66, 67, 68, 69, 76, 77, 78, 79, 84, 85, 86, 87, 88, 89, 90, 91, 92, 93, 94, 95, 96, 97, 98, 99, 100, 101, 106, 107, 108, 109, 110, 111, 112, 113, 114, 115, 116, 117, 118, 119, 120, 121, 122, 123];[[58, 119], [59, 120]];[0, 52, 53, 54, 55, 56, 57, 58, 59, 60, 61, 62, 63, 64, 65, 66, 67, 68, 69, 76, 77, 78, 79, 84, 85, 86, 87, 88, 89, 90, 91, 92, 93, 94, 95, 96, 97, 98, 99, 100, 101, 106, 107, 108, 109, 110, 111, 112, 113, 114, 115, 116, 117, 118, 119, 120, 121, 122, 123];[[58, 119], [59, 120]]
realm-java;68ec0c09562a2e34e49cb02c4888aa60133ddba6;io.realm.processor.RealmProxyClassGenerator;static block;[0, 52, 53, 54, 55, 56, 57, 58, 59, 60, 61, 62, 63, 64, 65, 66, 67, 68, 69, 76, 77, 78, 79, 84, 85, 86, 87, 88, 89, 90, 91, 92, 93, 94, 95, 96, 97, 98, 99, 100, 101, 106, 107, 108, 109, 110, 111, 112, 113, 114, 115, 116, 117, 118, 119, 120, 121, 122, 123];[[58, 119], [59, 120]];[0, 52, 53, 54, 55, 56, 57, 58, 59, 60, 61, 62, 63, 64, 65, 66, 67, 68, 69, 76, 77, 78, 79, 84, 85, 86, 87, 88, 89, 90, 91, 92, 93, 94, 95, 96, 97, 98, 99, 100, 101, 106, 107, 108, 109, 110, 111, 112, 113, 114, 115, 116, 117, 118, 119, 120, 121, 122, 123];[[58, 119], [59, 120]]
realm-java;99868947286eb090fff47d0027597dcf3ef707d2;io.realm.processor.RealmProxyClassGenerator;static block;[0, 52, 53, 54, 55, 56, 57, 58, 59, 60, 61, 62, 63, 64, 65, 66, 67, 68, 69, 76, 77, 78, 79, 84, 85, 86, 87, 88, 89, 90, 91, 92, 93, 94, 95, 96, 97, 98, 99, 100, 101, 106, 107, 108, 109, 110, 111, 112, 113, 114, 115, 116, 117, 118, 119, 120, 121, 122, 123];[[59, 120], [58, 119]];[0, 52, 53, 54, 55, 56, 57, 58, 59, 60, 61, 62, 63, 64, 65, 66, 67, 68, 69, 76, 77, 78, 79, 84, 85, 86, 87, 88, 89, 90, 91, 92, 93, 94, 95, 96, 97, 98, 99, 100, 101, 106, 107, 108, 109, 110, 111, 112, 113, 114, 115, 116, 117, 118, 119, 120, 121, 122, 123];[[59, 120], [58, 119]]
realm-java;5f8cb0c1892ac00f6638cd87f33ee8b417a0afac;io.realm.processor.RealmProxyClassGenerator;static block;[0, 52, 53, 54, 55, 56, 57, 58, 59, 60, 61, 62, 63, 64, 65, 66, 67, 68, 69, 76, 77, 78, 79, 84, 85, 86, 87, 88, 89, 90, 91, 92, 93, 94, 95, 96, 97, 98, 99, 100, 101, 106, 107, 108, 109, 110, 111, 112, 113, 114, 115, 116, 117, 118, 119, 120, 121, 122, 123];[[58, 119], [59, 120]];[0, 52, 53, 54, 55, 56, 57, 58, 59, 60, 61, 62, 63, 64, 65, 66, 67, 68, 69, 76, 77, 78, 79, 84, 85, 86, 87, 88, 89, 90, 91, 92, 93, 94, 95, 96, 97, 98, 99, 100, 101, 106, 107, 108, 109, 110, 111, 112, 113, 114, 115, 116, 117, 118, 119, 120, 121, 122, 123];[[58, 119], [59, 120]]
realm-java;5a17b3bf49c74b10f1c17aaf9d477c23019bc762;io.realm.processor.RealmProxyClassGenerator;static block;[0, 52, 53, 54, 55, 56, 57, 58, 59, 60, 61, 62, 63, 64, 65, 66, 67, 68, 69, 76, 77, 78, 79, 84, 85, 86, 87, 88, 89, 90, 91, 92, 93, 94, 95, 96, 97, 98, 99, 100, 101, 106, 107, 108, 109, 110, 111, 112, 113, 114, 115, 116, 117, 118, 119, 120, 121, 122, 123];[[58, 119], [59, 120]];[0, 52, 53, 54, 55, 56, 57, 58, 59, 60, 61, 62, 63, 64, 65, 66, 67, 68, 69, 76, 77, 78, 79, 84, 85, 86, 87, 88, 89, 90, 91, 92, 93, 94, 95, 96, 97, 98, 99, 100, 101, 106, 107, 108, 109, 110, 111, 112, 113, 114, 115, 116, 117, 118, 119, 120, 121, 122, 123];[[58, 119], [59, 120]]
realm-java;72da5ad776b2b5be81663ebdc849c3fcfe06bb51;io.realm.processor.RealmProxyClassGenerator;static block;[0, 52, 53, 54, 55, 56, 57, 58, 59, 60, 61, 62, 63, 64, 65, 66, 67, 68, 69, 76, 77, 78, 79, 84, 85, 86, 87, 88, 89, 90, 91, 92, 93, 94, 95, 96, 97, 98, 99, 100, 101, 106, 107, 108, 109, 110, 111, 112, 113, 114, 115, 116, 117, 118, 119, 120, 121, 122, 123];[[59, 120], [58, 119]];[0, 52, 53, 54, 55, 56, 57, 58, 59, 60, 61, 62, 63, 64, 65, 66, 67, 68, 69, 76, 77, 78, 79, 84, 85, 86, 87, 88, 89, 90, 91, 92, 93, 94, 95, 96, 97, 98, 99, 100, 101, 106, 107, 108, 109, 110, 111, 112, 113, 114, 115, 116, 117, 118, 119, 120, 121, 122, 123];[[59, 120], [58, 119]]
realm-java;5932293e3c02350bb01c8e52f930c8b25a91f397;io.realm.processor.RealmProxyClassGenerator;static block;[0, 52, 53, 54, 55, 56, 57, 58, 59, 60, 61, 62, 63, 64, 65, 66, 67, 68, 69, 76, 77, 78, 79, 84, 85, 86, 87, 88, 89, 90, 91, 92, 93, 94, 95, 96, 97, 98, 99, 100, 101, 106, 107, 108, 109, 110, 111, 112, 113, 114, 115, 116, 117, 118, 119, 120, 121, 122, 123];[[58, 119], [59, 120]];[0, 52, 53, 54, 55, 56, 57, 58, 59, 60, 61, 62, 63, 64, 65, 66, 67, 68, 69, 76, 77, 78, 79, 84, 85, 86, 87, 88, 89, 90, 91, 92, 93, 94, 95, 96, 97, 98, 99, 100, 101, 106, 107, 108, 109, 110, 111, 112, 113, 114, 115, 116, 117, 118, 119, 120, 121, 122, 123];[[58, 119], [59, 120]]
realm-java;dc9daea196f5783a0f67313259991fcb45d0c620;io.realm.processor.RealmProxyClassGenerator;static block;[0, 52, 53, 54, 55, 56, 57, 58, 59, 60, 61, 62, 63, 64, 65, 66, 67, 68, 69, 76, 77, 78, 79, 84, 85, 86, 87, 88, 89, 90, 91, 92, 93, 94, 95, 96, 97, 98, 99, 100, 101, 106, 107, 108, 109, 110, 111, 112, 113, 114, 115, 116, 117, 118, 119, 120, 121, 122, 123];[[59, 120], [58, 119]];[0, 52, 53, 54, 55, 56, 57, 58, 59, 60, 61, 62, 63, 64, 65, 66, 67, 68, 69, 76, 77, 78, 79, 84, 85, 86, 87, 88, 89, 90, 91, 92, 93, 94, 95, 96, 97, 98, 99, 100, 101, 106, 107, 108, 109, 110, 111, 112, 113, 114, 115, 116, 117, 118, 119, 120, 121, 122, 123];[[59, 120], [58, 119]]
realm-java;0837933af263b2d1b6f8911d464328ff4777f860;io.realm.processor.RealmProxyClassGenerator;static block;[0, 52, 53, 54, 55, 56, 57, 58, 59, 60, 61, 62, 63, 64, 65, 66, 67, 68, 69, 76, 77, 78, 79, 84, 85, 86, 87, 88, 89, 90, 91, 92, 93, 94, 95, 96, 97, 98, 99, 100, 101, 106, 107, 108, 109, 110, 111, 112, 113, 114, 115, 116, 117, 118, 119, 120, 121, 122, 123];[[59, 120], [58, 119]];[0, 52, 53, 54, 55, 56, 57, 58, 59, 60, 61, 62, 63, 64, 65, 66, 67, 68, 69, 76, 77, 78, 79, 84, 85, 86, 87, 88, 89, 90, 91, 92, 93, 94, 95, 96, 97, 98, 99, 100, 101, 106, 107, 108, 109, 110, 111, 112, 113, 114, 115, 116, 117, 118, 119, 120, 121, 122, 123];[[59, 120], [58, 119]]
realm-java;fa982b07c69aca919e4483d4b15c1bdc1039b993;io.realm.processor.RealmProxyClassGenerator;static block;[0, 52, 53, 54, 55, 56, 57, 58, 59, 60, 61, 62, 63, 64, 65, 66, 67, 68, 69, 76, 77, 78, 79, 84, 85, 86, 87, 88, 89, 90, 91, 92, 93, 94, 95, 96, 97, 98, 99, 100, 101, 106, 107, 108, 109, 110, 111, 112, 113, 114, 115, 116, 117, 118, 119, 120, 121, 122, 123];[[59, 120], [58, 119]];[0, 52, 53, 54, 55, 56, 57, 58, 59, 60, 61, 62, 63, 64, 65, 66, 67, 68, 69, 76, 77, 78, 79, 84, 85, 86, 87, 88, 89, 90, 91, 92, 93, 94, 95, 96, 97, 98, 99, 100, 101, 106, 107, 108, 109, 110, 111, 112, 113, 114, 115, 116, 117, 118, 119, 120, 121, 122, 123];[[59, 120], [58, 119]]
realm-java;29817900846e057ca8eac76f20fbb1122ed86675;io.realm.processor.RealmProxyClassGenerator;static block;[0, 52, 53, 54, 55, 56, 57, 58, 59, 60, 61, 62, 63, 64, 65, 66, 67, 68, 69, 76, 77, 78, 79, 84, 85, 86, 87, 88, 89, 90, 91, 92, 93, 94, 95, 96, 97, 98, 99, 100, 101, 106, 107, 108, 109, 110, 111, 112, 113, 114, 115, 116, 117, 118, 119, 120, 121, 122, 123];[[58, 119], [59, 120]];[0, 52, 53, 54, 55, 56, 57, 58, 59, 60, 61, 62, 63, 64, 65, 66, 67, 68, 69, 76, 77, 78, 79, 84, 85, 86, 87, 88, 89, 90, 91, 92, 93, 94, 95, 96, 97, 98, 99, 100, 101, 106, 107, 108, 109, 110, 111, 112, 113, 114, 115, 116, 117, 118, 119, 120, 121, 122, 123];[[58, 119], [59, 120]]
realm-java;44bd54871648cf4cb57e9605995935a6d88e69d7;io.realm.processor.RealmProxyClassGenerator;static block;[0, 52, 53, 54, 55, 56, 57, 58, 59, 60, 61, 62, 63, 64, 65, 66, 67, 68, 69, 76, 77, 78, 79, 84, 85, 86, 87, 88, 89, 90, 91, 92, 93, 94, 95, 96, 97, 98, 99, 100, 101, 106, 107, 108, 109, 110, 111, 112, 113, 114, 115, 116, 117, 118, 119, 120, 121, 122, 123];[[59, 120], [58, 119]];[0, 52, 53, 54, 55, 56, 57, 58, 59, 60, 61, 62, 63, 64, 65, 66, 67, 68, 69, 76, 77, 78, 79, 84, 85, 86, 87, 88, 89, 90, 91, 92, 93, 94, 95, 96, 97, 98, 99, 100, 101, 106, 107, 108, 109, 110, 111, 112, 113, 114, 115, 116, 117, 118, 119, 120, 121, 122, 123];[[59, 120], [58, 119]]
realm-java;8a424e815ddd465f32e56ac01a483372600e524c;io.realm.processor.RealmProxyClassGenerator;static block;[0, 52, 53, 54, 55, 56, 57, 58, 59, 60, 61, 62, 63, 64, 65, 66, 67, 68, 69, 76, 77, 78, 79, 84, 85, 86, 87, 88, 89, 90, 91, 92, 93, 94, 95, 96, 97, 98, 99, 100, 101, 106, 107, 108, 109, 110, 111, 112, 113, 114, 115, 116, 117, 118, 119, 120, 121, 122, 123];[[77, 119], [78, 120]];[0, 52, 53, 54, 55, 56, 57, 58, 59, 60, 61, 62, 63, 64, 65, 66, 67, 68, 69, 76, 77, 78, 79, 84, 85, 86, 87, 88, 89, 90, 91, 92, 93, 94, 95, 96, 97, 98, 99, 100, 101, 106, 107, 108, 109, 110, 111, 112, 113, 114, 115, 116, 117, 118, 119, 120, 121, 122, 123];[[77, 119], [78, 120]]
realm-java;027ffd4f5ca19885015d3666e9a45dffc12315a7;io.realm.processor.RealmProxyClassGenerator;static block;[128, 0, 129, 130, 131, 132, 133, 134, 135, 136, 137, 138, 139, 140, 141, 142, 143, 144, 145, 71, 72, 73, 74, 75, 76, 77, 78, 79, 80, 81, 82, 83, 84, 85, 86, 87, 88, 96, 97, 98, 99, 105, 106, 107, 108, 109, 110, 111, 112, 113, 114, 115, 116, 117, 118, 119, 120, 121, 122];[[85, 142], [84, 141]];[128, 0, 129, 130, 131, 132, 133, 134, 135, 136, 137, 138, 139, 140, 141, 142, 143, 144, 145, 71, 72, 73, 74, 75, 76, 77, 78, 79, 80, 81, 82, 83, 84, 85, 86, 87, 88, 96, 97, 98, 99, 105, 106, 107, 108, 109, 110, 111, 112, 113, 114, 115, 116, 117, 118, 119, 120, 121, 122];[[85, 142], [84, 141]]
realm-java;9a75cac239f825c080dd471c8fb92a514515970d;io.realm.processor.RealmProxyClassGenerator;static block;[0, 130, 131, 132, 133, 134, 135, 136, 137, 138, 139, 140, 141, 142, 143, 144, 145, 146, 147, 76, 77, 78, 79, 80, 81, 82, 83, 84, 85, 86, 87, 88, 89, 90, 91, 92, 93, 100, 101, 107, 108, 109, 110, 111, 112, 113, 114, 115, 116, 117, 118, 119, 120, 121, 122, 123, 124];[[161, 101], [108, 101], [139, 101], [107, 101], [138, 101], [97, 143], [98, 144]];[0, 130, 131, 132, 133, 134, 135, 136, 137, 138, 139, 140, 141, 142, 143, 144, 145, 146, 147, 76, 77, 78, 79, 80, 81, 82, 83, 84, 85, 86, 87, 88, 89, 90, 91, 92, 93, 100, 101, 107, 108, 109, 110, 111, 112, 113, 114, 115, 116, 117, 118, 119, 120, 121, 122, 123, 124];[[161, 101], [108, 101], [139, 101], [107, 101], [138, 101], [97, 143], [98, 144]]
realm-java;c46ebfb6b0b0ca14505cb6281d78d48f0632371c;io.realm.processor.RealmProxyClassGenerator;static block;[0, 128, 129, 130, 131, 132, 133, 134, 135, 136, 137, 138, 139, 145, 146, 147, 148, 149, 150, 151, 152, 153, 154, 155, 156, 157, 158, 159, 160, 161, 162, 91, 92, 93, 94, 95, 96, 97, 98, 99, 100, 101, 102, 103, 104, 105, 106, 107, 108, 115, 116, 122, 123, 124, 125, 126, 127];[[70, 159]];[0, 128, 129, 130, 131, 132, 133, 134, 135, 136, 137, 138, 139, 145, 146, 147, 148, 149, 150, 151, 152, 153, 154, 155, 156, 157, 158, 159, 160, 161, 162, 91, 92, 93, 94, 95, 96, 97, 98, 99, 100, 101, 102, 103, 104, 105, 106, 107, 108, 115, 116, 122, 123, 124, 125, 126, 127];[[94, 159], [127, 163], [103, 140], [79, 116], [125, 163], [101, 140], [123, 163], [99, 140], [144, 153], [121, 163], [142, 153], [97, 140], [104, 116], [119, 163], [95, 140], [117, 163], [93, 140], [115, 163], [91, 140], [113, 163], [89, 140], [111, 163], [70, 159], [104, 140], [80, 116], [126, 163], [102, 140], [124, 163], [100, 140], [122, 163], [202, 116], [98, 140], [143, 153], [120, 163], [96, 140], [118, 163], [103, 116], [94, 140], [116, 163], [92, 140], [114, 163], [90, 140], [112, 163], [88, 140], [126, 116], [69, 158]]
realm-java;670b91040f5dfd50493a12c686700a789ad8f64c;io.realm.processor.RealmProxyClassGenerator;static block;[128, 134, 135, 136, 137, 138, 139, 140, 141, 142, 143, 144, 145, 146, 147, 148, 149, 150, 151, 80, 81, 82, 83, 84, 85, 86, 87, 88, 89, 90, 91, 92, 93, 94, 95, 96, 97, 104, 105, 111, 112, 113, 114, 115, 116, 117, 118, 119, 120, 121, 122, 123, 124, 125, 126, 127];[[85, 148]];[128, 134, 135, 136, 137, 138, 139, 140, 141, 142, 143, 144, 145, 146, 147, 148, 149, 150, 151, 80, 81, 82, 83, 84, 85, 86, 87, 88, 89, 90, 91, 92, 93, 94, 95, 96, 97, 104, 105, 111, 112, 113, 114, 115, 116, 117, 118, 119, 120, 121, 122, 123, 124, 125, 126, 127];[[84, 147], [109, 148], [142, 152], [118, 129], [94, 105], [140, 152], [116, 129], [138, 152], [114, 129], [136, 152], [112, 129], [134, 152], [119, 105], [110, 129], [132, 152], [108, 129], [130, 152], [106, 129], [128, 152], [104, 129], [126, 152], [85, 148], [119, 129], [95, 105], [141, 152], [117, 129], [139, 152], [115, 129], [137, 152], [113, 129], [135, 152], [111, 129], [118, 105], [133, 152], [109, 129], [131, 152], [107, 129], [129, 152], [105, 129], [127, 152], [103, 129], [141, 105]]
realm-java;199889b65b66ad7c2edf8781bfda0ef7170e9372;io.realm.processor.RealmProxyClassGenerator;static block;[128, 134, 135, 136, 137, 138, 139, 140, 141, 142, 143, 144, 145, 146, 147, 148, 149, 150, 151, 80, 81, 82, 83, 84, 85, 86, 87, 88, 89, 90, 91, 92, 93, 94, 95, 96, 97, 104, 105, 111, 112, 113, 114, 115, 116, 117, 118, 119, 120, 121, 122, 123, 124, 125, 126, 127];[[85, 148]];[128, 134, 135, 136, 137, 138, 139, 140, 141, 142, 143, 144, 145, 146, 147, 148, 149, 150, 151, 80, 81, 82, 83, 84, 85, 86, 87, 88, 89, 90, 91, 92, 93, 94, 95, 96, 97, 104, 105, 111, 112, 113, 114, 115, 116, 117, 118, 119, 120, 121, 122, 123, 124, 125, 126, 127];[[84, 147], [109, 148], [142, 152], [118, 129], [94, 105], [140, 152], [116, 129], [138, 152], [114, 129], [136, 152], [112, 129], [119, 105], [134, 152], [110, 129], [132, 152], [108, 129], [130, 152], [106, 129], [128, 152], [104, 129], [126, 152], [85, 148], [119, 129], [95, 105], [141, 152], [117, 129], [139, 152], [115, 129], [137, 152], [113, 129], [135, 152], [111, 129], [133, 152], [118, 105], [109, 129], [131, 152], [107, 129], [129, 152], [105, 129], [127, 152], [103, 129], [141, 105]]
realm-java;852d073aeb00396f8ee6bd9e74876fc9cb712456;io.realm.processor.RealmProxyClassGenerator;static block;[128, 129, 130, 131, 132, 133, 134, 135, 136, 137, 138, 139, 140, 141, 142, 78, 79, 80, 81, 82, 83, 84, 85, 86, 87, 88, 89, 90, 91, 92, 93, 94, 95, 102, 103, 104, 105, 106, 107, 108, 109, 110, 111, 112, 113, 114, 115, 116, 117, 118, 119, 125, 126, 127];[[85, 139]];[128, 129, 130, 131, 132, 133, 134, 135, 136, 137, 138, 139, 140, 141, 142, 78, 79, 80, 81, 82, 83, 84, 85, 86, 87, 88, 89, 90, 91, 92, 93, 94, 95, 102, 103, 104, 105, 106, 107, 108, 109, 110, 111, 112, 113, 114, 115, 116, 117, 118, 119, 125, 126, 127];[[85, 139]]
realm-java;c1e012aff6ff73136d079eac4ae1a946af0a2e35;io.realm.processor.RealmProxyClassGenerator;static block;[128, 129, 130, 131, 132, 133, 134, 135, 136, 137, 138, 139, 140, 141, 142, 78, 79, 80, 81, 82, 83, 84, 85, 86, 87, 88, 89, 90, 91, 92, 93, 94, 95, 102, 103, 104, 105, 106, 107, 108, 109, 110, 111, 112, 113, 114, 115, 116, 117, 118, 119, 125, 126, 127];[[85, 139]];[128, 129, 130, 131, 132, 133, 134, 135, 136, 137, 138, 139, 140, 141, 142, 78, 79, 80, 81, 82, 83, 84, 85, 86, 87, 88, 89, 90, 91, 92, 93, 94, 95, 102, 103, 104, 105, 106, 107, 108, 109, 110, 111, 112, 113, 114, 115, 116, 117, 118, 119, 125, 126, 127];[[85, 139]]
realm-java;2811b8980c8a69dbd51f2e4957cd91fe9577878c;io.realm.processor.RealmProxyClassGenerator;static block;[128, 134, 135, 136, 137, 138, 139, 140, 141, 142, 143, 144, 145, 146, 147, 148, 149, 150, 151, 80, 81, 82, 83, 84, 85, 86, 87, 88, 89, 90, 91, 92, 93, 94, 95, 96, 97, 104, 105, 111, 112, 113, 114, 115, 116, 117, 118, 119, 120, 121, 122, 123, 124, 125, 126, 127];[[82, 148], [92, 105], [116, 129], [138, 152], [114, 129], [136, 152], [112, 129], [134, 152], [110, 129], [132, 152], [108, 129], [115, 105], [130, 152], [106, 129], [128, 152], [104, 129], [126, 152], [102, 129], [124, 152], [100, 129], [138, 105], [81, 147], [106, 148], [139, 152], [115, 129], [91, 105], [137, 152], [113, 129], [135, 152], [111, 129], [133, 152], [109, 129], [131, 152], [116, 105], [107, 129], [129, 152], [105, 129], [127, 152], [103, 129], [125, 152], [101, 129], [123, 152]];[128, 134, 135, 136, 137, 138, 139, 140, 141, 142, 143, 144, 145, 146, 147, 148, 149, 150, 151, 80, 81, 82, 83, 84, 85, 86, 87, 88, 89, 90, 91, 92, 93, 94, 95, 96, 97, 104, 105, 111, 112, 113, 114, 115, 116, 117, 118, 119, 120, 121, 122, 123, 124, 125, 126, 127];[[82, 148]]
realm-java;0393fbf3112e9f78e6b0ed278dfc1e3b7ff5465a;io.realm.processor.RealmProxyClassGenerator;static block;[0, 128, 129, 130, 131, 132, 133, 134, 135, 136, 137, 147, 148, 149, 150, 151, 152, 153, 154, 155, 156, 157, 158, 159, 160, 161, 162, 163, 164, 73, 74, 75, 76, 77, 78, 79, 80, 81, 82, 83, 84, 85, 86, 87, 88, 89, 90, 97, 98, 99, 100, 101, 102, 103, 104, 105, 106, 107, 108, 109, 110, 111, 112, 113, 114, 120, 121, 122, 123, 124, 125, 126, 127];[[70, 134]];[0, 128, 129, 130, 131, 132, 133, 134, 135, 136, 137, 147, 148, 149, 150, 151, 152, 153, 154, 155, 156, 157, 158, 159, 160, 161, 162, 163, 164, 73, 74, 75, 76, 77, 78, 79, 80, 81, 82, 83, 84, 85, 86, 87, 88, 89, 90, 97, 98, 99, 100, 101, 102, 103, 104, 105, 106, 107, 108, 109, 110, 111, 112, 113, 114, 120, 121, 122, 123, 124, 125, 126, 127];[[70, 134]]
realm-java;dd88e45b0ab43a3f3fb5cbce9059f6fa07f667ac;io.realm.processor.RealmProxyClassGenerator;static block;[0, 128, 129, 130, 131, 132, 133, 134, 135, 136, 137, 138, 139, 140, 141, 147, 148, 150, 152, 154, 156, 159, 162, 164, 165, 167, 169, 171, 174, 177, 180, 182, 184, 185, 187, 188, 190, 200, 201, 202, 203, 204, 77, 205, 206, 78, 207, 79, 80, 208, 209, 81, 210, 82, 83, 211, 84, 212, 213, 85, 214, 86, 215, 87, 88, 216, 89, 217, 90, 91, 92, 93, 94, 101, 102, 103, 104, 105, 106, 107, 108, 109, 110, 111, 112, 113, 114, 115, 116, 117, 118, 124, 125, 126, 127];[[70, 138]];[0, 128, 129, 130, 131, 132, 133, 134, 135, 136, 137, 138, 139, 140, 141, 147, 148, 150, 152, 154, 156, 159, 162, 164, 165, 167, 169, 171, 174, 177, 180, 182, 184, 185, 187, 188, 190, 200, 201, 202, 203, 204, 77, 205, 206, 78, 207, 79, 80, 208, 209, 81, 210, 82, 83, 211, 84, 212, 213, 85, 214, 86, 215, 87, 88, 216, 89, 217, 90, 91, 92, 93, 94, 101, 102, 103, 104, 105, 106, 107, 108, 109, 110, 111, 112, 113, 114, 115, 116, 117, 118, 124, 125, 126, 127];[[70, 138]]
realm-java;81e10d751ebaf4609e06a6254e58230cc510f38f;io.realm.processor.RealmProxyClassGenerator;static block;[0, 66, 67, 68, 69, 70, 71, 72, 73, 74, 75, 76, 77, 78, 79, 80, 81, 82, 83, 90, 91, 92, 93, 94, 95, 96, 97, 98, 99, 100, 101, 102, 103, 104, 105, 106, 107, 113, 114, 115, 116, 117, 118, 119, 120, 121, 122, 123, 124, 125, 126, 127, 128, 129, 130, 136, 137, 138, 139, 140, 141, 142, 143, 144, 145, 146, 148, 149, 151, 152, 153, 154, 155, 156, 157, 158, 159, 160, 161, 163, 164, 166, 167, 169, 170, 171, 172, 173, 174, 175, 176, 177, 178, 179, 189, 190, 191, 192, 193, 194, 195, 196, 197, 198, 199, 200, 201, 202, 203, 204, 205, 206];[[62, 127]];[0, 66, 67, 68, 69, 70, 71, 72, 73, 74, 75, 76, 77, 78, 79, 80, 81, 82, 83, 90, 91, 92, 93, 94, 95, 96, 97, 98, 99, 100, 101, 102, 103, 104, 105, 106, 107, 113, 114, 115, 116, 117, 118, 119, 120, 121, 122, 123, 124, 125, 126, 127, 128, 129, 130, 136, 137, 138, 139, 140, 141, 142, 143, 144, 145, 146, 148, 149, 151, 152, 153, 154, 155, 156, 157, 158, 159, 160, 161, 163, 164, 166, 167, 169, 170, 171, 172, 173, 174, 175, 176, 177, 178, 179, 189, 190, 191, 192, 193, 194, 195, 196, 197, 198, 199, 200, 201, 202, 203, 204, 205, 206];[[62, 127]]
realm-java;fb6dbf880d006181280b63850bfb4d989f9d88b0;io.realm.processor.RealmProxyClassGenerator;static block;[0, 63, 64, 65, 66, 67, 68, 69, 70, 71, 72, 73, 74, 75, 76, 77, 78, 79, 80, 87, 88, 89, 90, 91, 92, 93, 94, 95, 96, 97, 98, 99, 100, 101, 102, 103, 104, 110, 111, 112, 113, 114, 115, 116, 117, 118, 119, 120, 121, 122, 123, 124, 125, 126, 127, 133, 134, 135, 136, 137, 138, 139, 140, 141, 142, 143, 145, 146, 148, 149, 150, 151, 152, 153, 154, 155, 156, 157, 158, 160, 161, 163, 164, 166, 167, 168, 169, 170, 171, 172, 173, 174, 175, 176, 186, 187, 188, 189, 190, 191, 192, 193, 194, 195, 196, 197, 198, 199, 200, 201, 202, 203];[[62, 124]];[0, 63, 64, 65, 66, 67, 68, 69, 70, 71, 72, 73, 74, 75, 76, 77, 78, 79, 80, 87, 88, 89, 90, 91, 92, 93, 94, 95, 96, 97, 98, 99, 100, 101, 102, 103, 104, 110, 111, 112, 113, 114, 115, 116, 117, 118, 119, 120, 121, 122, 123, 124, 125, 126, 127, 133, 134, 135, 136, 137, 138, 139, 140, 141, 142, 143, 145, 146, 148, 149, 150, 151, 152, 153, 154, 155, 156, 157, 158, 160, 161, 163, 164, 166, 167, 168, 169, 170, 171, 172, 173, 174, 175, 176, 186, 187, 188, 189, 190, 191, 192, 193, 194, 195, 196, 197, 198, 199, 200, 201, 202, 203];[[62, 124]]
realm-java;1ae89e3b7badfe39a49dc3d6b1b03d40544cea90;io.realm.processor.RealmProxyClassGenerator;static block;[128, 0, 129, 130, 136, 137, 139, 141, 143, 145, 148, 151, 153, 154, 156, 158, 160, 163, 166, 169, 171, 173, 174, 176, 177, 179, 189, 190, 191, 192, 193, 66, 194, 67, 195, 196, 68, 69, 197, 198, 70, 199, 71, 72, 200, 73, 201, 202, 74, 75, 203, 204, 76, 77, 205, 206, 78, 79, 80, 81, 82, 83, 90, 91, 92, 93, 94, 95, 96, 97, 98, 99, 100, 101, 102, 103, 104, 105, 106, 107, 113, 114, 115, 116, 117, 118, 119, 120, 121, 122, 123, 124, 125, 126, 127];[[62, 127]];[128, 0, 129, 130, 136, 137, 139, 141, 143, 145, 148, 151, 153, 154, 156, 158, 160, 163, 166, 169, 171, 173, 174, 176, 177, 179, 189, 190, 191, 192, 193, 66, 194, 67, 195, 196, 68, 69, 197, 198, 70, 199, 71, 72, 200, 73, 201, 202, 74, 75, 203, 204, 76, 77, 205, 206, 78, 79, 80, 81, 82, 83, 90, 91, 92, 93, 94, 95, 96, 97, 98, 99, 100, 101, 102, 103, 104, 105, 106, 107, 113, 114, 115, 116, 117, 118, 119, 120, 121, 122, 123, 124, 125, 126, 127];[[62, 127]]
realm-java;cad5a62658a3750828aa4878b5efccd919154290;io.realm.processor.RealmSourceCodeGenerator;static block;[0, 129, 131, 133, 136, 139, 141, 142, 144, 146, 148, 151, 154, 157, 159, 161, 162, 164, 165, 167, 177, 178, 179, 180, 181, 182, 54, 55, 183, 56, 184, 57, 185, 58, 186, 187, 59, 60, 188, 61, 189, 62, 190, 191, 63, 64, 192, 65, 193, 66, 194, 67, 68, 69, 70, 71, 78, 79, 80, 81, 82, 83, 84, 85, 86, 87, 88, 89, 90, 91, 92, 93, 94, 95, 101, 102, 103, 104, 105, 106, 107, 108, 109, 110, 111, 112, 113, 114, 115, 116, 117, 118, 124, 125, 127];[[59, 115]];[0, 129, 131, 133, 136, 139, 141, 142, 144, 146, 148, 151, 154, 157, 159, 161, 162, 164, 165, 167, 177, 178, 179, 180, 181, 182, 54, 55, 183, 56, 184, 57, 185, 58, 186, 187, 59, 60, 188, 61, 189, 62, 190, 191, 63, 64, 192, 65, 193, 66, 194, 67, 68, 69, 70, 71, 78, 79, 80, 81, 82, 83, 84, 85, 86, 87, 88, 89, 90, 91, 92, 93, 94, 95, 101, 102, 103, 104, 105, 106, 107, 108, 109, 110, 111, 112, 113, 114, 115, 116, 117, 118, 124, 125, 127];[[59, 115]]
realm-java;f36b37e439426f9cfbb3b4d85e63c37f0087b6a7;io.realm.processor.RealmSourceCodeGenerator;static block;[0, 129, 131, 133, 136, 139, 141, 142, 144, 146, 148, 151, 154, 157, 159, 161, 162, 164, 165, 167, 177, 178, 179, 180, 181, 182, 54, 55, 183, 184, 56, 185, 57, 58, 186, 187, 59, 188, 60, 189, 61, 190, 62, 63, 191, 64, 192, 193, 65, 194, 66, 67, 68, 69, 70, 71, 78, 79, 80, 81, 82, 83, 84, 85, 86, 87, 88, 89, 90, 91, 92, 93, 94, 95, 101, 102, 103, 104, 105, 106, 107, 108, 109, 110, 111, 112, 113, 114, 115, 116, 117, 118, 124, 125, 127];[[59, 115]];[0, 129, 131, 133, 136, 139, 141, 142, 144, 146, 148, 151, 154, 157, 159, 161, 162, 164, 165, 167, 177, 178, 179, 180, 181, 182, 54, 55, 183, 184, 56, 185, 57, 58, 186, 59, 187, 188, 60, 189, 61, 190, 62, 63, 191, 64, 192, 193, 65, 194, 66, 67, 68, 69, 70, 71, 78, 79, 80, 81, 82, 83, 84, 85, 86, 87, 88, 89, 90, 91, 92, 93, 94, 95, 101, 102, 103, 104, 105, 106, 107, 108, 109, 110, 111, 112, 113, 114, 115, 116, 117, 118, 124, 125, 127];[[59, 115]]
realm-java;e0943569af1cbdda8d21c97ffae780a79965fc49;io.realm.processor.RealmSourceCodeGenerator;static block;[0, 129, 131, 133, 136, 139, 141, 142, 144, 146, 148, 151, 154, 157, 159, 161, 162, 164, 165, 167, 54, 55, 56, 57, 58, 59, 60, 61, 62, 63, 64, 65, 66, 67, 68, 69, 70, 71, 78, 79, 80, 81, 82, 83, 84, 85, 86, 87, 88, 89, 90, 91, 92, 93, 94, 95, 101, 102, 103, 104, 105, 106, 107, 108, 109, 110, 111, 112, 113, 114, 115, 116, 117, 118, 124, 125, 127];[[58, 115]];[0, 129, 131, 133, 136, 139, 141, 142, 144, 146, 148, 151, 154, 157, 159, 161, 162, 164, 165, 167, 54, 55, 56, 57, 58, 59, 60, 61, 62, 63, 64, 65, 66, 67, 68, 69, 70, 71, 78, 79, 80, 81, 82, 83, 84, 85, 86, 87, 88, 89, 90, 91, 92, 93, 94, 95, 101, 102, 103, 104, 105, 106, 107, 108, 109, 110, 111, 112, 113, 114, 115, 116, 117, 118, 124, 125, 127];[[58, 115]]
realm-java;709da6b9466c4d8850a4cabea53637b4bb82708e;io.realm.processor.RealmSourceCodeGenerator;static block;[0, 129, 131, 134, 137, 139, 140, 142, 144, 146, 149, 152, 155, 157, 159, 160, 162, 163, 165, 175, 176, 177, 178, 179, 180, 52, 181, 53, 182, 54, 55, 183, 184, 56, 185, 57, 58, 186, 187, 59, 60, 188, 61, 189, 190, 62, 191, 63, 192, 64, 65, 66, 67, 68, 69, 76, 77, 78, 79, 80, 81, 82, 83, 84, 85, 86, 87, 88, 89, 90, 91, 92, 93, 99, 100, 101, 102, 103, 104, 105, 106, 107, 108, 109, 110, 111, 112, 113, 114, 115, 116, 122, 123, 125, 127];[[59, 113]];[0, 129, 131, 134, 137, 139, 140, 142, 144, 146, 149, 152, 155, 157, 159, 160, 162, 163, 165, 175, 176, 177, 178, 179, 180, 52, 181, 53, 182, 54, 55, 183, 56, 184, 185, 57, 58, 186, 187, 59, 60, 188, 61, 189, 62, 190, 63, 191, 192, 64, 65, 66, 67, 68, 69, 76, 77, 78, 79, 80, 81, 82, 83, 84, 85, 86, 87, 88, 89, 90, 91, 92, 93, 99, 100, 101, 102, 103, 104, 105, 106, 107, 108, 109, 110, 111, 112, 113, 114, 115, 116, 122, 123, 125, 127];[[59, 113]]
realm-java;8bc21582a61220465799ccef5376c52b6531bdf9;io.realm.processor.RealmSourceCodeGenerator;static block;[0, 129, 131, 134, 137, 139, 140, 142, 144, 146, 149, 152, 155, 157, 159, 160, 162, 163, 165, 175, 176, 177, 178, 179, 52, 180, 53, 181, 54, 182, 55, 183, 56, 184, 185, 57, 186, 58, 187, 59, 60, 188, 189, 61, 190, 62, 191, 63, 192, 64, 65, 66, 67, 68, 69, 76, 77, 78, 79, 80, 81, 82, 83, 84, 85, 86, 87, 88, 89, 90, 91, 92, 93, 99, 100, 101, 102, 103, 104, 105, 106, 107, 108, 109, 110, 111, 112, 113, 114, 115, 116, 122, 123, 125, 127];[[58, 113]];[0, 129, 131, 134, 137, 139, 140, 142, 144, 146, 149, 152, 155, 157, 159, 160, 162, 163, 165, 175, 176, 177, 178, 179, 52, 180, 53, 181, 54, 182, 55, 183, 56, 184, 57, 185, 186, 58, 187, 59, 60, 188, 189, 61, 190, 62, 191, 63, 192, 64, 65, 66, 67, 68, 69, 76, 77, 78, 79, 80, 81, 82, 83, 84, 85, 86, 87, 88, 89, 90, 91, 92, 93, 99, 100, 101, 102, 103, 104, 105, 106, 107, 108, 109, 110, 111, 112, 113, 114, 115, 116, 122, 123, 125, 127];[[58, 113]]
realm-java;2b2c80e40c6113c5be6071d35f7d8036fc7be15e;io.realm.processor.RealmSourceCodeGenerator;static block;[0, 129, 131, 134, 137, 139, 140, 142, 144, 146, 149, 152, 155, 157, 159, 160, 162, 163, 165, 175, 176, 177, 178, 179, 180, 52, 53, 181, 182, 54, 183, 55, 184, 56, 185, 57, 186, 58, 59, 187, 188, 60, 61, 189, 190, 62, 191, 63, 192, 64, 65, 66, 67, 68, 69, 76, 77, 78, 79, 80, 81, 82, 83, 84, 85, 86, 87, 88, 89, 90, 91, 92, 93, 99, 100, 101, 102, 103, 104, 105, 106, 107, 108, 109, 110, 111, 112, 113, 114, 115, 116, 122, 123, 125, 127];[[58, 113]];[0, 129, 131, 134, 137, 139, 140, 142, 144, 146, 149, 152, 155, 157, 159, 160, 162, 163, 165, 175, 176, 177, 178, 179, 180, 52, 53, 181, 182, 54, 183, 55, 184, 56, 57, 185, 186, 58, 59, 187, 60, 188, 61, 189, 190, 62, 191, 63, 192, 64, 65, 66, 67, 68, 69, 76, 77, 78, 79, 80, 81, 82, 83, 84, 85, 86, 87, 88, 89, 90, 91, 92, 93, 99, 100, 101, 102, 103, 104, 105, 106, 107, 108, 109, 110, 111, 112, 113, 114, 115, 116, 122, 123, 125, 127];[[58, 113]]
realm-java;bbc2f506e0e477ccc404c123094008e48d446d86;io.realm.processor.RealmSourceCodeGenerator;static block;[128, 130, 133, 136, 138, 139, 141, 143, 145, 148, 151, 154, 156, 158, 159, 161, 162, 164, 51, 52, 53, 54, 55, 56, 57, 58, 59, 60, 61, 62, 63, 64, 65, 66, 67, 75, 76, 77, 78, 79, 80, 81, 82, 83, 84, 85, 86, 87, 88, 89, 90, 91, 92, 98, 99, 100, 101, 102, 103, 104, 105, 106, 107, 108, 109, 110, 111, 112, 113, 114, 115, 121, 122, 124, 126];[];[128, 130, 133, 136, 138, 139, 141, 143, 145, 148, 151, 154, 156, 158, 159, 161, 162, 164, 51, 52, 53, 54, 55, 56, 57, 58, 59, 60, 61, 62, 63, 64, 65, 66, 67, 75, 76, 77, 78, 79, 80, 81, 82, 83, 84, 85, 86, 87, 88, 89, 90, 91, 92, 98, 99, 100, 101, 102, 103, 104, 105, 106, 107, 108, 109, 110, 111, 112, 113, 114, 115, 121, 122, 124, 126];[]
realm-java;63b0e8d5e113ec18d5b52b75380c2100e7fde055;io.realm.processor.RealmSourceCodeGenerator;static block;[0, 128, 130, 133, 136, 138, 139, 141, 143, 145, 148, 151, 154, 156, 158, 159, 161, 162, 164, 51, 52, 53, 54, 55, 56, 57, 58, 59, 60, 61, 62, 63, 64, 65, 66, 67, 68, 75, 76, 77, 78, 79, 80, 81, 82, 83, 84, 85, 86, 87, 88, 89, 90, 91, 92, 98, 99, 100, 101, 102, 103, 104, 105, 106, 107, 108, 109, 110, 111, 112, 113, 114, 115, 121, 122, 124, 126];[[58, 112]];[0, 128, 130, 133, 136, 138, 139, 141, 143, 145, 148, 151, 154, 156, 158, 159, 161, 162, 164, 51, 52, 53, 54, 55, 56, 57, 58, 59, 60, 61, 62, 63, 64, 65, 66, 67, 68, 75, 76, 77, 78, 79, 80, 81, 82, 83, 84, 85, 86, 87, 88, 89, 90, 91, 92, 98, 99, 100, 101, 102, 103, 104, 105, 106, 107, 108, 109, 110, 111, 112, 113, 114, 115, 121, 122, 124, 126];[[139, 138], [140, 139], [138, 138], [139, 139], [58, 112], [140, 138]]
realm-java;e0c2555dc3b25ac42317b7b00294648122e5b5a0;io.realm.processor.RealmSourceCodeGenerator;static block;[130, 133, 136, 138, 140, 142, 144, 147, 149, 150, 152, 153, 155, 157, 158, 50, 51, 52, 53, 54, 55, 56, 57, 58, 59, 60, 61, 62, 63, 64, 65, 66, 74, 75, 76, 77, 78, 79, 80, 81, 82, 83, 84, 85, 86, 87, 88, 89, 90, 97, 98, 99, 100, 101, 102, 103, 104, 105, 106, 107, 108, 109, 110, 111, 112, 113, 114, 120, 121, 123, 125, 127];[[57, 150], [56, 150]];[130, 133, 136, 138, 140, 142, 144, 147, 149, 150, 152, 153, 155, 157, 158, 50, 51, 52, 53, 54, 55, 56, 57, 58, 59, 60, 61, 62, 63, 64, 65, 66, 74, 75, 76, 77, 78, 79, 80, 81, 82, 83, 84, 85, 86, 87, 88, 89, 90, 91, 97, 98, 99, 100, 101, 102, 103, 104, 105, 106, 107, 108, 109, 110, 111, 112, 113, 114, 120, 121, 123, 125, 127];[]
